2026-08-31 14:43:18,21,50
2026-08-31 14:43:20,22,56
2026-08-31 14:43:22,29,87
2026-08-31 14:43:24,38,59
2026-08-31 14:43:26,35,66
2026-08-31 14:43:28,31,76
2026-08-31 14:43:30,23,91
2026-08-31 14:43:32,26,57
2026-08-31 14:43:34,40,75
2026-08-31 14:43:36,39,88
2026-08-31 14:43:38,33,40
2026-08-31 14:43:40,28,86
2026-08-31 14:43:42,36,73
2026-08-31 14:43:44,31,84
2026-08-31 14:43:46,27,44
2026-08-31 14:43:48,36,36
2026-08-31 14:43:50,26,46
2026-09-06 21:20:18,33,53
2026-09-06 21:20:20,30,38
2026-09-06 21:20:22,28,74
2026-09-06 21:20:24,25,60
2026-09-06 21:20:26,32,71
2026-09-06 21:20:28,38,42
2026-09-06 21:20:30,36,83
2026-09-06 21:20:32,31,36
2026-09-06 21:20:34,36,68
2026-09-06 21:20:36,29,41
2026-09-06 21:20:38,33,80
2026-09-06 21:20:40,37,82
2026-09-06 21:20:42,30,85
2026-09-06 21:20:44,28,37
2026-09-06 21:20:46,35,47
